cast,show_id
Taher Abu Lela,81035842
Mickey Anthony,80241304
İbrahim Büyükak,80227114
José Coronado,80167647
Patina Miller,80063705
Massimo Ghini,81016408
Laurence Fishburne,70300666
Aishwarya Rai Bachchan,70139074
Jeffrey Cheng,80180591
Sidhartha Maadhyamika,80188777
Edward Coward,80059440
Jennifer Coolidge,70099119
Benjamin Alves,81031181
Shatina Chen,81036524
Tig Notaro,80046193
Faye Dunaway,80103336
Yong Hwan Kwak,80031595
Marissa Jaret Winokur,60000870
Arjun Kapoor,80204460
Sonu Sood,80170301
Ayçe Abana,80134524
Zaid Zoubi,80220816
Kenjiro Tsuda,80221272
Tyler Perry,80121841
Freddie Webb,80236341
Regina King,80117555
Rajit Kapoor,80165855
Tobias Menzies,80013271
Mark Little,80198459
Andrés Couturier,80081863
Salma Salem,81049315
Alice Krige,70120167
Tushar Dalvi,70117122
Yi Ning Sun,81025800
Martin Roach,80177441
Jesús Ruyman,81078331
Ross Breen,80020935
Sayaka Ohara,80145805
Liliane Rovère,81010818
Haviland Stillwell,70300626
Jay Abdo,70295170
Scott Adkins,80991316
Pranav Ratheesh,80994421
Vinessa Shaw,70212504
Phutharit Prombandal,80224294
Shailesh Prajapati,70242899
John Ritter,973861
Manju Maini,81213896
Manu Bennett,70136152
Mamta Kulkarni,80157084
Ryan Baumann,81092328
Tom Arnold,60020892
Ryan Cheng,81034600
Atul Srivastava,81113918
Ryszarda Hanin,81168343
Ron Perlman,80075820
Susanna Thompson,70242081
Elizabeth Marvel,80174434
Tom Taylor,80097034
Ricardo Quevedo,80992499
Jennifer Robertson,80036165
Chiara Zanni,80134893
Manoj Joshi,70198040
Lily James,80223371
Yasuhiro Takato,70204980
David Lovgren,80218939
Jackie Shroff,60021903
Ropie Cecupak,81049950
Mary Jane Wells,70209245
Tom Guiry,60022056
Sevket Çoruh,81043345
Fionnula Flanagan,80241779
Shanna Forrestall,70136074
Jimmy Shergill,60033223
Cassandra Lee,80040089
Krissada Sukosol,80999991
Tom Gleisner,80106265
Avtar Gill,80158395
Matt Frewer,80238357
Mädchen Amick,80133311
Terry Gilliam,70213238
Kathy Bates,70060010
Veerendra Saxena,80218784
Shah Rukh Khan,80157083
Tracy Camilla Johns,60034929
Lisa Kudrow,70153404
Joseph Benjamin,80126996
Usha Naik,80113785
Chris Pratt,70143842
Zhan Yi-chun,81094893
Yingsak Chonglertjetsadawong,80999982
Mary McCormack,81036199
Churni Ganguly,80165853
Tommy Caldwell,81004270
Anjali Patil,80117596
Sofia Vassilieva,70113003
Araceli Dvoskin,80993656
Retta,80105067
Pakoda Pandi,70261058
Anthony Ma,81071972
