listed_in,show_id
Cult Movies,70270364
Kids' TV,80178941
Children & Family Movies,80093104
International Movies,80175623
Thrillers,80103336
Romantic Movies,80160357
Docuseries,80221943
Anime Series,70204955
Romantic TV Shows,80031595
Dramas,80109193
Dramas,70019004
Faith & Spirituality,80018328
International Movies,81213884
Dramas,81217438
TV Dramas,80157177
International Movies,80218784
International TV Shows,80111710
TV Dramas,81054827
Dramas,80224060
Comedies,80992501
Dramas,70172928
Comedies,80092849
Action & Adventure,70117305
Stand-Up Comedy,80163156
International TV Shows,80233258
TV Action & Adventure,81028895
Dramas,70087087
Thrillers,70053412
Action & Adventure,70001237
Dramas,80238292
Sci-Fi & Fantasy,80201200
Romantic TV Shows,80239798
Movies,80101903
Thrillers,60022413
Independent Movies,80084756
LGBTQ Movies,80186731
TV Mysteries,80211136
International TV Shows,80121871
Independent Movies,81131274
International TV Shows,80100929
Children & Family Movies,81092783
Stand-Up Comedy & Talk Shows,80049872
International Movies,81047445
Dramas,80231903
International Movies,80171125
Reality TV,80109536
International Movies,80203147
Documentaries,80217135
Dramas,60022998
Dramas,80156939
TV Comedies,80993087
Dramas,81050193
Stand-Up Comedy & Talk Shows,80142390
International TV Shows,80182123
British TV Shows,70266023
Documentaries,80048200
Kids' TV,80147920
Reality TV,81094391
TV Comedies,80066227
International TV Shows,70205710
International TV Shows,80225885
Action & Adventure,80017528
Dramas,70243692
Dramas,81036533
International TV Shows,80108846
Independent Movies,80224060
International Movies,70062814
TV Dramas,80118289
Crime TV Shows,81142595
International Movies,80121844
Movies,81018141
Dramas,70090072
International TV Shows,80221210
TV Shows,81030762
Comedies,80068327
TV Action & Adventure,80122232
Cult Movies,81015317
Korean TV Shows,80176819
Children & Family Movies,80217121
Thrillers,81036535
Teen TV Shows,80241248
Kids' TV,80050007
International Movies,81121023
Independent Movies,81035108
Dramas,81043473
Thrillers,81050198
Documentaries,80144983
Teen TV Shows,80062047
TV Comedies,70157266
Documentaries,80239988
International Movies,60036617
LGBTQ Movies,80118918
Classic Movies,60011649
Crime TV Shows,70236561
Crime TV Shows,80211991
Stand-Up Comedy,80077923
British TV Shows,80998905
Comedies,80988834
International TV Shows,81072829
Comedies,81109078
